西暦,和暦,天皇,政権担当者
645,大化1年,孝徳,中大兄皇子
646,大化2年,孝徳,中大兄皇子
647,大化3年,孝徳,中大兄皇子
648,大化4年,孝徳,中大兄皇子
649,大化5年,孝徳,中大兄皇子
650,白雉1年,孝徳,中大兄皇子
651,白雉2年,孝徳,中大兄皇子
652,白雉3年,孝徳,中大兄皇子
653,白雉4年,孝徳,中大兄皇子
654,白雉5年,孝徳,中大兄皇子
655,年号不使用,斉明,中大兄皇子
656,年号不使用,斉明,中大兄皇子
657,年号不使用,斉明,中大兄皇子
658,年号不使用,斉明,中大兄皇子
659,年号不使用,斉明,中大兄皇子
660,年号不使用,斉明,中大兄皇子
661,年号不使用,斉明,中大兄皇子
662,年号不使用,天智,中大兄皇子
663,年号不使用,天智,中大兄皇子
664,年号不使用,天智,中大兄皇子
665,年号不使用,天智,中大兄皇子
666,年号不使用,天智,中大兄皇子
667,年号不使用,天智,中大兄皇子
668,年号不使用,天智,中大兄皇子
669,年号不使用,天智,中大兄皇子
670,年号不使用,天智,中大兄皇子
671,年号不使用,天智,中大兄皇子
672,年号不使用,弘文,
673,年号不使用,天武,
674,年号不使用,天武,
675,年号不使用,天武,
676,年号不使用,天武,
677,年号不使用,天武,
678,年号不使用,天武,
679,年号不使用,天武,
680,年号不使用,天武,
681,年号不使用,天武,
682,年号不使用,天武,
683,年号不使用,天武,
684,年号不使用,天武,
685,年号不使用,天武,
686,朱鳥1年,天武,
687,年号不使用,持統,
688,年号不使用,持統,
689,年号不使用,持統,
690,年号不使用,持統,
691,年号不使用,持統,
692,年号不使用,持統,
693,年号不使用,持統,
694,年号不使用,持統,
695,年号不使用,持統,
696,年号不使用,持統,
697,年号不使用,文武,
698,年号不使用,文武,
699,年号不使用,文武,
700,年号不使用,文武,
701,大宝1年,文武,
702,大宝2年,文武,
703,大宝3年,文武,
704,慶雲1年,文武,
705,慶雲2年,文武,
706,慶雲3年,文武,
707,慶雲4年,元明,
708,和銅1年,元明,
709,和銅2年,元明,
710,和銅3年,元明,
711,和銅4年,元明,
712,和銅5年,元明,
713,和銅6年,元明,
714,和銅7年,元明,
715,霊亀1年,元正,
716,霊亀2年,元正,
717,養老1年,元正,
718,養老2年,元正,
719,養老3年,元正,
720,養老4年,元正,
721,養老5年,元正,
722,養老6年,元正,
723,養老7年,元正,
724,神亀1年,聖武,
725,神亀2年,聖武,
726,神亀3年,聖武,
727,神亀4年,聖武,
728,神亀5年,聖武,
729,天平1年,聖武,
730,天平2年,聖武,
731,天平3年,聖武,
732,天平4年,聖武,
733,天平5年,聖武,
734,天平6年,聖武,
735,天平7年,聖武,
736,天平8年,聖武,
737,天平9年,聖武,
738,天平10年,聖武,
739,天平11年,聖武,
740,天平12年,聖武,
741,天平13年,聖武,
742,天平14年,聖武,
743,天平15年,聖武,
744,天平16年,聖武,
745,天平17年,聖武,
746,天平18年,聖武,
747,天平19年,聖武,
748,天平20年,聖武,
749,天平感宝1年／天平勝宝1年,聖武→孝謙,
750,天平勝宝2年,孝謙,
751,天平勝宝3年,孝謙,
752,天平勝宝4年,孝謙,
753,天平勝宝5年,孝謙,
754,天平勝宝6年,孝謙,
755,天平勝宝7年,孝謙,
756,天平勝宝8年,孝謙,
757,天平宝字1年,孝謙,
758,天平宝字2年,淳仁,
759,天平宝字3年,淳仁,
760,天平宝字4年,淳仁,
761,天平宝字5年,淳仁,
762,天平宝字6年,淳仁,
763,天平宝字7年,淳仁,
764,天平宝字8年,称徳,
765,天平神護1年,称徳,
766,天平神護2年,称徳,
767,神護景雲1年,称徳,
768,神護景雲2年,称徳,
769,神護景雲3年,称徳,
770,宝亀1年,光仁,
771,宝亀2年,光仁,
772,宝亀3年,光仁,
773,宝亀4年,光仁,
774,宝亀5年,光仁,
775,宝亀6年,光仁,
776,宝亀7年,光仁,
777,宝亀8年,光仁,
778,宝亀9年,光仁,
779,宝亀10年,光仁,
780,宝亀11年,光仁,
781,天応1年,光仁→桓武,
782,延暦1年,桓武,
783,延暦2年,桓武,
784,延暦3年,桓武,
785,延暦4年,桓武,
786,延暦5年,桓武,
787,延暦6年,桓武,
788,延暦7年,桓武,
789,延暦8年,桓武,
790,延暦9年,桓武,
791,延暦10年,桓武,
792,延暦11年,桓武,
793,延暦12年,桓武,
794,延暦13年,桓武,
795,延暦14年,桓武,
796,延暦15年,桓武,
797,延暦16年,桓武,
798,延暦17年,桓武,
799,延暦18年,桓武,
800,延暦19年,桓武,
801,延暦20年,桓武,
802,延暦21年,桓武,
803,延暦22年,桓武,
804,延暦23年,桓武,
805,延暦24年,桓武,
806,大同1年,平城,
807,大同2年,平城,
808,大同3年,平城,
809,大同4年,嵯峨,
810,弘仁1年,嵯峨,
811,弘仁2年,嵯峨,
812,弘仁3年,嵯峨,
813,弘仁4年,嵯峨,
814,弘仁5年,嵯峨,
815,弘仁6年,嵯峨,
816,弘仁7年,嵯峨,
817,弘仁8年,嵯峨,
818,弘仁9年,嵯峨,
819,弘仁10年,嵯峨,
820,弘仁11年,嵯峨,
821,弘仁12年,嵯峨,
822,弘仁13年,嵯峨,
823,弘仁14年,淳和,
824,天長1年,淳和,
825,天長2年,淳和,
826,天長3年,淳和,
827,天長4年,淳和,
828,天長5年,淳和,
829,天長6年,淳和,
830,天長7年,淳和,
831,天長8年,淳和,
832,天長9年,淳和,
833,天長10年,仁明,
834,承和1年,仁明,
835,承和2年,仁明,
836,承和3年,仁明,
837,承和4年,仁明,
838,承和5年,仁明,
839,承和6年,仁明,
840,承和7年,仁明,
841,承和8年,仁明,
842,承和9年,仁明,
843,承和10年,仁明,
844,承和11年,仁明,
845,承和12年,仁明,
846,承和13年,仁明,
847,承和14年,仁明,
848,嘉祥1年,仁明,
849,嘉祥2年,仁明,
850,嘉祥3年,文徳,
851,仁寿1年,文徳,
852,仁寿2年,文徳,
853,仁寿3年,文徳,
854,斎衡1年,文徳,
855,斎衡2年,文徳,
856,斎衡3年,文徳,
857,天安1年,文徳,
858,天安2年,清和,
859,貞観1年,清和,
860,貞観2年,清和,
861,貞観3年,清和,
862,貞観4年,清和,
863,貞観5年,清和,
864,貞観6年,清和,
865,貞観7年,清和,
866,貞観8年,清和,藤原良房（摂政）
867,貞観9年,清和,藤原良房（摂政）
868,貞観10年,清和,藤原良房（摂政）
869,貞観11年,清和,藤原良房（摂政）
870,貞観12年,清和,藤原良房（摂政）
871,貞観13年,清和,藤原良房（摂政）
872,貞観14年,清和,藤原良房（摂政）
873,貞観15年,清和,
874,貞観16年,清和,
875,貞観17年,清和,
876,貞観18年,陽成,藤原基経（摂政）
877,元慶1年,陽成,藤原基経（摂政）
878,元慶2年,陽成,藤原基経（摂政）
879,元慶3年,陽成,藤原基経（摂政）
880,元慶4年,陽成,藤原基経（摂政）
881,元慶5年,陽成,藤原基経（関白）
882,元慶6年,陽成,藤原基経（関白）
883,元慶7年,陽成,藤原基経（関白）
884,元慶8年,光孝,藤原基経（関白）
885,仁和1年,光孝,藤原基経（関白）
886,仁和2年,光孝,藤原基経（関白）
887,仁和3年,宇多,藤原基経（関白）
888,仁和4年,宇多,藤原基経（関白）
889,寛平1年,宇多,藤原基経（関白）
890,寛平2年,宇多,藤原基経（関白）
891,寛平3年,宇多,藤原基経（関白）
892,寛平4年,宇多,
893,寛平5年,宇多,
894,寛平6年,宇多,
895,寛平7年,宇多,
896,寛平8年,宇多,
897,寛平9年,醍醐,
898,昌泰1年,醍醐,
899,昌泰2年,醍醐,
900,昌泰3年,醍醐,
901,延喜1年,醍醐,
902,延喜2年,醍醐,
903,延喜3年,醍醐,
904,延喜4年,醍醐,
905,延喜5年,醍醐,
906,延喜6年,醍醐,
907,延喜7年,醍醐,
908,延喜8年,醍醐,
909,延喜9年,醍醐,
910,延喜10年,醍醐,
911,延喜11年,醍醐,
912,延喜12年,醍醐,
913,延喜13年,醍醐,
914,延喜14年,醍醐,
915,延喜15年,醍醐,
916,延喜16年,醍醐,
917,延喜17年,醍醐,
918,延喜18年,醍醐,
919,延喜19年,醍醐,
920,延喜20年,醍醐,
921,延喜21年,醍醐,
922,延喜22年,醍醐,
923,延長1年,醍醐,
924,延長2年,醍醐,
925,延長3年,醍醐,
926,延長4年,醍醐,
927,延長5年,醍醐,
928,延長6年,醍醐,
929,延長7年,醍醐,
930,延長8年,朱雀,藤原忠平（摂政・関白）
931,承平1年,朱雀,藤原忠平（摂政・関白）
932,承平2年,朱雀,藤原忠平（摂政・関白）
933,承平3年,朱雀,藤原忠平（摂政・関白）
934,承平4年,朱雀,藤原忠平（摂政・関白）
935,承平5年,朱雀,藤原忠平（摂政・関白）
936,承平6年,朱雀,藤原忠平（摂政・関白）
937,承平7年,朱雀,藤原忠平（摂政・関白）
938,天慶1年,朱雀,藤原忠平（摂政・関白）
939,天慶2年,朱雀,藤原忠平（摂政・関白）
940,天慶3年,朱雀,藤原忠平（摂政・関白）
941,天慶4年,朱雀,藤原忠平（摂政・関白）
942,天慶5年,朱雀,藤原忠平（摂政・関白）
943,天慶6年,朱雀,藤原忠平（摂政・関白）
944,天慶7年,朱雀,藤原忠平（摂政・関白）
945,天慶8年,朱雀,藤原忠平（摂政・関白）
946,天慶9年,村上,藤原忠平（摂政・関白）
947,天暦1年,村上,藤原忠平（摂政・関白）
948,天暦2年,村上,藤原忠平（摂政・関白）
949,天暦3年,村上,
950,天暦4年,村上,
951,天暦5年,村上,
952,天暦6年,村上,
953,天暦7年,村上,
954,天暦8年,村上,
955,天暦9年,村上,
956,天暦10年,村上,
957,天徳1年,村上,
958,天徳2年,村上,
959,天徳3年,村上,
960,天徳4年,村上,
961,応和1年,村上,
962,応和2年,村上,
963,応和3年,村上,
964,康保1年,村上,
965,康保2年,村上,
966,康保3年,村上,
967,康保4年,冷泉,
968,安和1年,冷泉,
969,安和2年,円融,
970,天禄1年,円融,藤原伊尹（摂政）
971,天禄2年,円融,藤原伊尹（摂政）
972,天禄3年,円融,藤原伊尹（摂政）
973,天延1年,円融,藤原兼通（関白）
974,天延2年,円融,藤原兼通（関白）
975,天延3年,円融,藤原兼通（関白）
976,貞元1年,円融,藤原兼通（関白）
977,貞元2年,円融,藤原兼通（関白）
978,天元1年,円融,藤原頼忠（関白）
979,天元2年,円融,藤原頼忠（関白）
980,天元3年,円融,藤原頼忠（関白）
981,天元4年,円融,藤原頼忠（関白）
982,天元5年,円融,藤原頼忠（関白）
983,永観1年,円融,藤原頼忠（関白）
984,永観2年,花山,藤原頼忠（関白）
985,寛和1年,花山,藤原頼忠（関白）
986,寛和2年,一条,藤原兼家（摂政）
987,永延1年,一条,藤原兼家（摂政）
988,永延2年,一条,藤原兼家（摂政）
989,永祚1年,一条,藤原兼家（摂政）
990,正暦1年,一条,藤原道隆（関白）
991,正暦2年,一条,藤原道隆（関白）
992,正暦3年,一条,藤原道隆（関白）
993,正暦4年,一条,藤原道隆（関白）
994,正暦5年,一条,藤原道隆（関白）
995,長徳1年,一条,藤原道兼（関白）
996,長徳2年,一条,藤原道長（内覧・摂政）
997,長徳3年,一条,藤原道長（内覧・摂政）
998,長徳4年,一条,藤原道長（内覧・摂政）
999,長保1年,一条,藤原道長（内覧・摂政）
1000,長保2年,一条,藤原道長（内覧・摂政）
1001,長保3年,一条,藤原道長（内覧・摂政）
1002,長保4年,一条,藤原道長（内覧・摂政）
1003,長保5年,一条,藤原道長（内覧・摂政）
1004,寛弘1年,一条,藤原道長（内覧・摂政）
1005,寛弘2年,一条,藤原道長（内覧・摂政）
1006,寛弘3年,一条,藤原道長（内覧・摂政）
1007,寛弘4年,一条,藤原道長（内覧・摂政）
1008,寛弘5年,一条,藤原道長（内覧・摂政）
1009,寛弘6年,一条,藤原道長（内覧・摂政）
1010,寛弘7年,一条,藤原道長（内覧・摂政）
1011,寛弘8年,三条,藤原道長（内覧・摂政）
1012,長和1年,三条,藤原道長（内覧・摂政）
1013,長和2年,三条,藤原道長（内覧・摂政）
1014,長和3年,三条,藤原道長（内覧・摂政）
1015,長和4年,三条,藤原道長（内覧・摂政）
1016,長和5年,後一条,藤原道長（内覧・摂政）
1017,寛仁1年,後一条,藤原道長（内覧・摂政）
1018,寛仁2年,後一条,藤原道長（内覧・摂政）
1019,寛仁3年,後一条,藤原道長（内覧・摂政）
1020,寛仁4年,後一条,藤原道長（内覧・摂政）
1021,治安1年,後一条,藤原頼通（関白）
1022,治安2年,後一条,藤原頼通（関白）
1023,治安3年,後一条,藤原頼通（関白）
1024,万寿1年,後一条,藤原頼通（関白）
1025,万寿2年,後一条,藤原頼通（関白）
1026,万寿3年,後一条,藤原頼通（関白）
1027,万寿4年,後一条,藤原頼通（関白）
1028,長元1年,後一条,藤原頼通（関白）
1029,長元2年,後一条,藤原頼通（関白）
1030,長元3年,後一条,藤原頼通（関白）
1031,長元4年,後一条,藤原頼通（関白）
1032,長元5年,後一条,藤原頼通（関白）
1033,長元6年,後一条,藤原頼通（関白）
1034,長元7年,後一条,藤原頼通（関白）
1035,長元8年,後一条,藤原頼通（関白）
1036,長元9年,後朱雀,藤原頼通（関白）
1037,長暦1年,後朱雀,藤原頼通（関白）
1038,長暦2年,後朱雀,藤原頼通（関白）
1039,長暦3年,後朱雀,藤原頼通（関白）
1040,長久1年,後朱雀,藤原頼通（関白）
1041,長久2年,後朱雀,藤原頼通（関白）
1042,長久3年,後朱雀,藤原頼通（関白）
1043,長久4年,後朱雀,藤原頼通（関白）
1044,寛徳1年,後朱雀,藤原頼通（関白）
1045,寛徳2年,後冷泉,藤原頼通（関白）
1046,永承1年,後冷泉,藤原頼通（関白）
1047,永承2年,後冷泉,藤原頼通（関白）
1048,永承3年,後冷泉,藤原頼通（関白）
1049,永承4年,後冷泉,藤原頼通（関白）
1050,永承5年,後冷泉,藤原頼通（関白）
1051,永承6年,後冷泉,藤原頼通（関白）
1052,永承7年,後冷泉,藤原頼通（関白）
1053,天喜1年,後冷泉,藤原頼通（関白）
1054,天喜2年,後冷泉,藤原頼通（関白）
1055,天喜3年,後冷泉,藤原頼通（関白）
1056,天喜4年,後冷泉,藤原頼通（関白）
1057,天喜5年,後冷泉,藤原頼通（関白）
1058,康平1年,後冷泉,藤原頼通（関白）
1059,康平2年,後冷泉,藤原頼通（関白）
1060,康平3年,後冷泉,藤原頼通（関白）
1061,康平4年,後冷泉,藤原頼通（関白）
1062,康平5年,後冷泉,藤原頼通（関白）
1063,康平6年,後冷泉,藤原頼通（関白）
1064,康平7年,後冷泉,藤原頼通（関白）
1065,治暦1年,後冷泉,藤原頼通（関白）
1066,治暦2年,後冷泉,藤原頼通（関白）
1067,治暦3年,後冷泉,藤原頼通（関白）
1068,治暦4年,後三条,藤原教通（関白）
1069,延久1年,後三条,藤原教通（関白）
1070,延久2年,後三条,藤原教通（関白）
1071,延久3年,後三条,藤原教通（関白）
1072,延久4年,白河,藤原教通（関白）
1073,延久5年,白河,藤原教通（関白）
1074,承保1年,白河,藤原教通（関白）
1075,承保2年,白河,藤原教通（関白）
1076,承保3年,白河,藤原教通（関白）
1077,承暦1年,白河,藤原教通（関白）
1078,承暦2年,白河,藤原教通（関白）
1079,承暦3年,白河,藤原教通（関白）
1080,承暦4年,白河,藤原教通（関白）
1081,永保1年,白河,藤原教通（関白）
1082,永保2年,白河,藤原教通（関白）
1083,永保3年,白河,藤原教通（関白）
1084,応徳1年,白河,藤原教通（関白）
1085,応徳2年,白河,藤原教通（関白）
1086,応徳3年,堀河,白河上皇（院政）
1087,寛治1年,堀河,白河上皇（院政）
1088,寛治2年,堀河,白河上皇（院政）
1089,寛治3年,堀河,白河上皇（院政）
1090,寛治4年,堀河,白河上皇（院政）
1091,寛治5年,堀河,白河上皇（院政）
1092,寛治6年,堀河,白河上皇（院政）
1093,寛治7年,堀河,白河上皇（院政）
1094,嘉保1年,堀河,白河上皇（院政）
1095,嘉保2年,堀河,白河上皇（院政）
1096,永長1年,堀河,白河上皇（院政）
1097,承徳1年,堀河,白河上皇（院政）
1098,承徳2年,堀河,白河上皇（院政）
1099,康和1年,堀河,白河上皇（院政）
1100,康和2年,堀河,白河上皇（院政）
1101,康和3年,堀河,白河上皇（院政）
1102,康和4年,堀河,白河上皇（院政）
1103,康和5年,堀河,白河上皇（院政）
1104,長治1年,堀河,白河上皇（院政）
1105,長治2年,堀河,白河上皇（院政）
1106,嘉承1年,堀河,白河上皇（院政）
1107,嘉承2年,鳥羽,白河上皇（院政）
1108,天仁1年,鳥羽,白河上皇（院政）
1109,天仁2年,鳥羽,白河上皇（院政）
1110,天永1年,鳥羽,白河上皇（院政）
1111,天永2年,鳥羽,白河上皇（院政）
1112,天永3年,鳥羽,白河上皇（院政）
1113,永久1年,鳥羽,白河上皇（院政）
1114,永久2年,鳥羽,白河上皇（院政）
1115,永久3年,鳥羽,白河上皇（院政）
1116,永久4年,鳥羽,白河上皇（院政）
1117,永久5年,鳥羽,白河上皇（院政）
1118,元永1年,鳥羽,白河上皇（院政）
1119,元永2年,鳥羽,白河上皇（院政）
1120,保安1年,鳥羽,白河上皇（院政）
1121,保安2年,鳥羽,白河上皇（院政）
1122,保安3年,鳥羽,白河上皇（院政）
1123,保安4年,崇徳,白河上皇（院政）
1124,天治1年,崇徳,白河上皇（院政）
1125,天治2年,崇徳,白河上皇（院政）
1126,大治1年,崇徳,白河上皇（院政）
1127,大治2年,崇徳,白河上皇（院政）
1128,大治3年,崇徳,白河上皇（院政）
1129,大治4年,崇徳,白河上皇（院政）
1130,大治5年,崇徳,鳥羽上皇（院政）
1131,天承1年,崇徳,鳥羽上皇（院政）
1132,長承1年,崇徳,鳥羽上皇（院政）
1133,長承2年,崇徳,鳥羽上皇（院政）
1134,長承3年,崇徳,鳥羽上皇（院政）
1135,保延1年,崇徳,鳥羽上皇（院政）
1136,保延2年,崇徳,鳥羽上皇（院政）
1137,保延3年,崇徳,鳥羽上皇（院政）
1138,保延4年,崇徳,鳥羽上皇（院政）
1139,保延5年,崇徳,鳥羽上皇（院政）
1140,保延6年,崇徳,鳥羽上皇（院政）
1141,永治1年,近衛,鳥羽上皇（院政）
1142,康治1年,近衛,鳥羽上皇（院政）
1143,康治2年,近衛,鳥羽上皇（院政）
1144,天養1年,近衛,鳥羽上皇（院政）
1145,久安1年,近衛,鳥羽上皇（院政）
1146,久安2年,近衛,鳥羽上皇（院政）
1147,久安3年,近衛,鳥羽上皇（院政）
1148,久安4年,近衛,鳥羽上皇（院政）
1149,久安5年,近衛,鳥羽上皇（院政）
1150,久安6年,近衛,鳥羽上皇（院政）
1151,仁平1年,近衛,鳥羽上皇（院政）
1152,仁平2年,近衛,鳥羽上皇（院政）
1153,仁平3年,近衛,鳥羽上皇（院政）
1154,久寿1年,近衛,鳥羽上皇（院政）
1155,久寿2年,後白河,鳥羽上皇（院政）
1156,保元1年,後白河,鳥羽上皇（院政）
1157,保元2年,後白河,
1158,保元3年,二条,後白河上皇（院政）
1159,平治1年,二条,後白河上皇（院政）
1160,永暦1年,二条,後白河上皇（院政）
1161,応保1年,二条,後白河上皇（院政）
1162,応保2年,二条,後白河上皇（院政）
1163,長寛1年,二条,後白河上皇（院政）
1164,長寛2年,二条,後白河上皇（院政）
1165,永万1年,六条,後白河上皇（院政）
1166,仁安1年,六条,後白河上皇（院政）
1167,仁安2年,六条,後白河上皇（院政）
1168,仁安3年,高倉,後白河上皇（院政）
1169,嘉応1年,高倉,後白河上皇（院政）
1170,嘉応2年,高倉,後白河上皇（院政）
1171,承安1年,高倉,後白河上皇（院政）
1172,承安2年,高倉,後白河上皇（院政）
1173,承安3年,高倉,後白河上皇（院政）
1174,承安4年,高倉,後白河上皇（院政）
1175,安元1年,高倉,後白河上皇（院政）
1176,安元2年,高倉,後白河上皇（院政）
1177,治承1年,高倉,後白河上皇（院政）
1178,治承2年,高倉,後白河上皇（院政）
1179,治承3年,高倉,後白河上皇（院政）
1180,治承4年,安徳,平清盛（太政大臣）
1181,養和1年,安徳,平清盛→平宗盛（太政大臣→内大臣）
1182,寿永1年,安徳,平宗盛（内大臣）
1183,寿永2年,後鳥羽,平宗盛（内大臣）
1184,元暦1年,後鳥羽,
1185,文治1年,後鳥羽,将軍 源頼朝
1186,文治2年,後鳥羽,将軍 源頼朝
1187,文治3年,後鳥羽,将軍 源頼朝
1188,文治4年,後鳥羽,将軍 源頼朝
1189,文治5年,後鳥羽,将軍 源頼朝
1190,建久1年,後鳥羽,将軍 源頼朝
1191,建久2年,後鳥羽,将軍 源頼朝
1192,建久3年,後鳥羽,将軍 源頼朝
1193,建久4年,後鳥羽,将軍 源頼朝
1194,建久5年,後鳥羽,将軍 源頼朝
1195,建久6年,後鳥羽,将軍 源頼朝
1196,建久7年,後鳥羽,将軍 源頼朝
1197,建久8年,後鳥羽,将軍 源頼朝
1198,建久9年,土御門,将軍 源頼朝
1199,正治1年,土御門,執権 北条時政
1200,正治2年,土御門,執権 北条時政
1201,建仁1年,土御門,執権 北条時政
1202,建仁2年,土御門,執権 北条時政
1203,建仁3年,土御門,執権 北条時政
1204,元久1年,土御門,執権 北条時政
1205,元久2年,土御門,執権 北条義時
1206,建永1年,土御門,執権 北条義時
1207,承元1年,土御門,執権 北条義時
1208,承元2年,土御門,執権 北条義時
1209,承元3年,土御門,執権 北条義時
1210,承元4年,順徳,執権 北条義時
1211,建暦1年,順徳,執権 北条義時
1212,建暦2年,順徳,執権 北条義時
1213,建保1年,順徳,執権 北条義時
1214,建保2年,順徳,執権 北条義時
1215,建保3年,順徳,執権 北条義時
1216,建保4年,順徳,執権 北条義時
1217,建保5年,順徳,執権 北条義時
1218,建保6年,順徳,執権 北条義時
1219,承久1年,順徳,執権 北条義時
1220,承久2年,順徳,執権 北条義時
1221,承久3年,後堀河,執権 北条義時
1222,貞応1年,後堀河,執権 北条義時
1223,貞応2年,後堀河,執権 北条義時
1224,元仁1年,後堀河,執権 北条泰時
1225,嘉禄1年,後堀河,執権 北条泰時
1226,嘉禄2年,後堀河,執権 北条泰時
1227,安貞1年,後堀河,執権 北条泰時
1228,安貞2年,後堀河,執権 北条泰時
1229,寛喜1年,後堀河,執権 北条泰時
1230,寛喜2年,後堀河,執権 北条泰時
1231,寛喜3年,後堀河,執権 北条泰時
1232,貞永1年,四条,執権 北条泰時
1233,天福1年,四条,執権 北条泰時
1234,文暦1年,四条,執権 北条泰時
1235,嘉禎1年,四条,執権 北条泰時
1236,嘉禎2年,四条,執権 北条泰時
1237,嘉禎3年,四条,執権 北条泰時
1238,暦仁1年,四条,執権 北条泰時
1239,延応1年,四条,執権 北条泰時
1240,仁治1年,四条,執権 北条泰時
1241,仁治2年,四条,執権 北条泰時
1242,仁治3年,後嵯峨,執権 北条泰時
1243,寛元1年,後嵯峨,執権 北条経時
1244,寛元2年,後嵯峨,執権 北条経時
1245,寛元3年,後嵯峨,執権 北条経時
1246,寛元4年,後深草,執権 北条時頼
1247,宝治1年,後深草,執権 北条時頼
1248,宝治2年,後深草,執権 北条時頼
1249,建長1年,後深草,執権 北条時頼
1250,建長2年,後深草,執権 北条時頼
1251,建長3年,後深草,執権 北条時頼
1252,建長4年,後深草,執権 北条時頼
1253,建長5年,後深草,執権 北条時頼
1254,建長6年,後深草,執権 北条時頼
1255,建長7年,後深草,執権 北条時頼
1256,康元1年,後深草,執権 北条長時
1257,正嘉1年,後深草,執権 北条長時
1258,正嘉2年,後深草,執権 北条長時
1259,正元1年,後深草,執権 北条長時
1260,文応1年,亀山,執権 北条長時
1261,弘長1年,亀山,執権 北条長時
1262,弘長2年,亀山,執権 北条長時
1263,弘長3年,亀山,執権 北条長時
1264,文永1年,亀山,執権 北条政村
1265,文永2年,亀山,執権 北条政村
1266,文永3年,亀山,執権 北条政村
1267,文永4年,亀山,執権 北条政村
1268,文永5年,亀山,執権 北条時宗
1269,文永6年,亀山,執権 北条時宗
1270,文永7年,亀山,執権 北条時宗
1271,文永8年,亀山,執権 北条時宗
1272,文永9年,亀山,執権 北条時宗
1273,文永10年,亀山,執権 北条時宗
1274,文永11年,後宇多,執権 北条時宗
1275,建治1年,後宇多,執権 北条時宗
1276,建治2年,後宇多,執権 北条時宗
1277,建治3年,後宇多,執権 北条時宗
1278,弘安1年,後宇多,執権 北条時宗
1279,弘安2年,後宇多,執権 北条時宗
1280,弘安3年,後宇多,執権 北条時宗
1281,弘安4年,後宇多,執権 北条時宗
1282,弘安5年,後宇多,執権 北条時宗
1283,弘安6年,後宇多,執権 北条時宗
1284,弘安7年,後宇多,執権 北条貞時
1285,弘安8年,後宇多,執権 北条貞時
1286,弘安9年,後宇多,執権 北条貞時
1287,弘安10年,伏見,執権 北条貞時
1288,正応1年,伏見,執権 北条貞時
1289,正応2年,伏見,執権 北条貞時
1290,正応3年,伏見,執権 北条貞時
1291,正応4年,伏見,執権 北条貞時
1292,正応5年,伏見,執権 北条貞時
1293,永仁1年,伏見,執権 北条貞時
1294,永仁2年,伏見,執権 北条貞時
1295,永仁3年,伏見,執権 北条貞時
1296,永仁4年,伏見,執権 北条貞時
1297,永仁5年,伏見,執権 北条貞時
1298,永仁6年,後伏見,執権 北条貞時
1299,正安1年,後伏見,執権 北条貞時
1300,正安2年,後伏見,執権 北条貞時
1301,正安3年,後二条,執権 北条師時
1302,乾元1年,後二条,執権 北条師時
1303,嘉元1年,後二条,執権 北条師時
1304,嘉元2年,後二条,執権 北条師時
1305,嘉元3年,後二条,執権 北条師時
1306,徳治1年,後二条,執権 北条師時
1307,徳治2年,後二条,執権 北条師時
1308,延慶1年,花園,執権 北条師時
1309,延慶2年,花園,執権 北条師時
1310,延慶3年,花園,執権 北条師時
1311,応長1年,花園,執権 大仏宗宣
1312,正和1年,花園,執権 北条煕時
1313,正和2年,花園,執権 北条煕時
1314,正和3年,花園,執権 北条煕時
1315,正和4年,花園,執権 北条基時
1316,正和5年,花園,執権 北条高時
1317,文保1年,花園,執権 北条高時
1318,文保2年,後醍醐,執権 北条高時
1319,元応1年,後醍醐,執権 北条高時
1320,元応2年,後醍醐,執権 北条高時
1321,元亨1年,後醍醐,執権 北条高時
1322,元亨2年,後醍醐,執権 北条高時
1323,元亨3年,後醍醐,執権 北条高時
1324,正中1年,後醍醐,執権 北条高時
1325,正中2年,後醍醐,執権 北条高時
1326,嘉暦1年,後醍醐,執権 北条高時
1327,嘉暦2年,後醍醐,執権 北条高時
1328,嘉暦3年,後醍醐,執権 北条高時
1329,元徳1年,後醍醐,執権 北条高時
1330,元徳2年,後醍醐,執権 北条高時
1331,元弘1年,後醍醐,執権 北条高時
1332,【北】正慶1年／【南】元弘2年,【北】光厳／【南】後醍醐,北条高時（執権）
1333,【北】正慶2年／【南】元弘3年,【北】光厳／【南】後醍醐,北条高時（執権）
1334,建武1年,後醍醐,後醍醐天皇（建武の新政）
1335,建武2年,後醍醐,後醍醐天皇（建武の新政）
1336,【北】建武3年／【南】延元1年,【北】光明／【南】後醍醐,後醍醐天皇（建武の新政）
1337,【北】建武4年／【南】延元2年,【北】光明／【南】後醍醐,後醍醐天皇（建武の新政）
1338,【北】暦応1年／【南】延元3年,【北】光明／【南】後醍醐,将軍 足利尊氏
1339,【北】暦応2年／【南】延元4年,【北】光明／【南】後醍醐→後村上,将軍 足利尊氏
1340,【北】暦応3年／【南】興国1年,【北】光明／【南】後村上,将軍 足利尊氏
1341,【北】暦応4年／【南】興国2年,【北】光明／【南】後村上,将軍 足利尊氏
1342,【北】康永1年／【南】興国3年,【北】光明／【南】後村上,将軍 足利尊氏
1343,【北】康永2年／【南】興国4年,【北】光明／【南】後村上,将軍 足利尊氏
1344,【北】康永3年／【南】興国5年,【北】光明／【南】後村上,将軍 足利尊氏
1345,【北】貞和1年／【南】興国6年,【北】光明／【南】後村上,将軍 足利尊氏
1346,【北】貞和2年／【南】興国7年/正平1年,【北】光明／【南】後村上,将軍 足利尊氏
1347,【北】貞和3年／【南】正平2年,【北】光明／【南】後村上,将軍 足利尊氏
1348,【北】貞和4年／【南】正平3年,【北】崇光／【南】後村上,将軍 足利尊氏
1349,【北】貞和5年／【南】正平4年,【北】崇光／【南】後村上,将軍 足利尊氏
1350,【北】観応1年／【南】正平5年,【北】崇光／【南】後村上,将軍 足利尊氏
1351,【北】観応2年／【南】正平6年,【北】崇光／【南】後村上,将軍 足利尊氏
1352,【北】文和1年／【南】正平7年,【北】後光厳／【南】後村上,将軍 足利尊氏
1353,【北】文和2年／【南】正平8年,【北】後光厳／【南】後村上,将軍 足利尊氏
1354,【北】文和3年／【南】正平9年,【北】後光厳／【南】後村上,将軍 足利尊氏
1355,【北】文和4年／【南】正平10年,【北】後光厳／【南】後村上,将軍 足利尊氏
1356,【北】延文1年／【南】正平11年,【北】後光厳／【南】後村上,将軍 足利尊氏
1357,【北】延文2年／【南】正平12年,【北】後光厳／【南】後村上,将軍 足利尊氏
1358,【北】延文3年／【南】正平13年,【北】後光厳／【南】後村上,将軍 足利義詮
1359,【北】延文4年／【南】正平14年,【北】後光厳／【南】後村上,将軍 足利義詮
1360,【北】延文5年／【南】正平15年,【北】後光厳／【南】後村上,将軍 足利義詮
1361,【北】康安1年／【南】正平16年,【北】後光厳／【南】後村上,将軍 足利義詮
1362,【北】貞治1年／【南】正平17年,【北】後光厳／【南】後村上,将軍 足利義詮
1363,【北】貞治2年／【南】正平18年,【北】後光厳／【南】後村上,将軍 足利義詮
1364,【北】貞治3年／【南】正平19年,【北】後光厳／【南】後村上,将軍 足利義詮
1365,【北】貞治4年／【南】正平20年,【北】後光厳／【南】後村上,将軍 足利義詮
1366,【北】貞治5年／【南】正平21年,【北】後光厳／【南】後村上,将軍 足利義詮
1367,【北】貞治6年／【南】正平22年,【北】後光厳／【南】後村上,将軍 足利義詮
1368,【北】応安1年／【南】正平23年,【北】後光厳／【南】長慶,将軍 足利義満
1369,【北】応安2年／【南】正平24年,【北】後光厳／【南】長慶,将軍 足利義満
1370,【北】応安3年／【南】正平25年/建徳1年,【北】後光厳／【南】長慶,将軍 足利義満
1371,【北】応安4年／【南】建徳2年,【北】後円融／【南】長慶,将軍 足利義満
1372,【北】応安5年／【南】建徳3年/文中1年,【北】後円融／【南】長慶,将軍 足利義満
1373,【北】応安6年／【南】文中2年,【北】後円融／【南】長慶,将軍 足利義満
1374,【北】応安7年／【南】文中3年,【北】後円融／【南】長慶,将軍 足利義満
1375,【北】永和1年／【南】天授1年,【北】後円融／【南】長慶,将軍 足利義満
1376,【北】永和2年／【南】天授2年,【北】後円融／【南】長慶,将軍 足利義満
1377,【北】永和3年／【南】天授3年,【北】後円融／【南】長慶,将軍 足利義満
1378,【北】永和4年／【南】天授4年,【北】後円融／【南】長慶,将軍 足利義満
1379,【北】康暦1年／【南】天授5年,【北】後円融／【南】長慶,将軍 足利義満
1380,【北】康暦2年／【南】天授6年,【北】後円融／【南】長慶,将軍 足利義満
1381,【北】永徳1年／【南】弘和1年,【北】後円融／【南】長慶,将軍 足利義満
1382,【北】永徳2年／【南】弘和2年,【北】後小松／【南】長慶,将軍 足利義満
1383,【北】永徳3年／【南】弘和3年,【北】後小松／【南】後亀山,将軍 足利義満
1384,【北】至徳1年／【南】元中1年,【北】後小松／【南】後亀山,将軍 足利義満
1385,【北】至徳2年／【南】元中2年,【北】後小松／【南】後亀山,将軍 足利義満
1386,【北】至徳3年／【南】元中3年,【北】後小松／【南】後亀山,将軍 足利義満
1387,【北】嘉慶1年／【南】元中4年,【北】後小松／【南】後亀山,将軍 足利義満
1388,【北】嘉慶2年／【南】元中5年,【北】後小松／【南】後亀山,将軍 足利義満
1389,【北】康応1年／【南】元中6年,【北】後小松／【南】後亀山,将軍 足利義満
1390,【北】明徳1年／【南】元中7年,【北】後小松／【南】後亀山,将軍 足利義満
1391,【北】明徳2年／【南】元中8年,【北】後小松／【南】後亀山,将軍 足利義満
1392,【北】明徳3年／【南】元中9年,【北】後小松／【南】後亀山,将軍 足利義満
1393,明徳4年,後小松,将軍 足利義満
1394,応永1年,後小松,将軍 足利義持
1395,応永2年,後小松,将軍 足利義持
1396,応永3年,後小松,将軍 足利義持
1397,応永4年,後小松,将軍 足利義持
1398,応永5年,後小松,将軍 足利義持
1399,応永6年,後小松,将軍 足利義持
1400,応永7年,後小松,将軍 足利義持
1401,応永8年,後小松,将軍 足利義持
1402,応永9年,後小松,将軍 足利義持
1403,応永10年,後小松,将軍 足利義持
1404,応永11年,後小松,将軍 足利義持
1405,応永12年,後小松,将軍 足利義持
1406,応永13年,後小松,将軍 足利義持
1407,応永14年,後小松,将軍 足利義持
1408,応永15年,後小松,将軍 足利義持
1409,応永16年,後小松,将軍 足利義持
1410,応永17年,後小松,将軍 足利義持
1411,応永18年,後小松,将軍 足利義持
1412,応永19年,称光,将軍 足利義持
1413,応永20年,称光,将軍 足利義持
1414,応永21年,称光,将軍 足利義持
1415,応永22年,称光,将軍 足利義持
1416,応永23年,称光,将軍 足利義持
1417,応永24年,称光,将軍 足利義持
1418,応永25年,称光,将軍 足利義持
1419,応永26年,称光,将軍 足利義持
1420,応永27年,称光,将軍 足利義持
1421,応永28年,称光,将軍 足利義持
1422,応永29年,称光,将軍 足利義持
1423,応永30年,称光,将軍 足利義量
1424,応永31年,称光,将軍 足利義量
1425,応永32年,称光,将軍 足利義量
1426,応永33年,称光,
1427,応永34年,称光,
1428,正長1年,後花園,
1429,永享1年,後花園,将軍 足利義教
1430,永享2年,後花園,将軍 足利義教
1431,永享3年,後花園,将軍 足利義教
1432,永享4年,後花園,将軍 足利義教
1433,永享5年,後花園,将軍 足利義教
1434,永享6年,後花園,将軍 足利義教
1435,永享7年,後花園,将軍 足利義教
1436,永享8年,後花園,将軍 足利義教
1437,永享9年,後花園,将軍 足利義教
1438,永享10年,後花園,将軍 足利義教
1439,永享11年,後花園,将軍 足利義教
1440,永享12年,後花園,将軍 足利義教
1441,嘉吉1年,後花園,将軍 足利義教
1442,嘉吉2年,後花園,将軍 足利義勝
1443,嘉吉3年,後花園,将軍 足利義勝
1444,文安1年,後花園,
1445,文安2年,後花園,
1446,文安3年,後花園,
1447,文安4年,後花園,
1448,文安5年,後花園,
1449,宝徳1年,後花園,将軍 足利義政
1450,宝徳2年,後花園,将軍 足利義政
1451,宝徳3年,後花園,将軍 足利義政
1452,享徳1年,後花園,将軍 足利義政
1453,享徳2年,後花園,将軍 足利義政
1454,享徳3年,後花園,将軍 足利義政
1455,康正1年,後花園,将軍 足利義政
1456,康正2年,後花園,将軍 足利義政
1457,長禄1年,後花園,将軍 足利義政
1458,長禄2年,後花園,将軍 足利義政
1459,長禄3年,後花園,将軍 足利義政
1460,寛正1年,後花園,将軍 足利義政
1461,寛正2年,後花園,将軍 足利義政
1462,寛正3年,後花園,将軍 足利義政
1463,寛正4年,後花園,将軍 足利義政
1464,寛正5年,後土御門,将軍 足利義政
1465,寛正6年,後土御門,将軍 足利義政
1466,文正1年,後土御門,将軍 足利義政
1467,応仁1年,後土御門,将軍 足利義政
1468,応仁2年,後土御門,将軍 足利義政
1469,文明1年,後土御門,将軍 足利義政
1470,文明2年,後土御門,将軍 足利義政
1471,文明3年,後土御門,将軍 足利義政
1472,文明4年,後土御門,将軍 足利義政
1473,文明5年,後土御門,将軍 足利義尚
1474,文明6年,後土御門,将軍 足利義尚
1475,文明7年,後土御門,将軍 足利義尚
1476,文明8年,後土御門,将軍 足利義尚
1477,文明9年,後土御門,将軍 足利義尚
1478,文明10年,後土御門,将軍 足利義尚
1479,文明11年,後土御門,将軍 足利義尚
1480,文明12年,後土御門,将軍 足利義尚
1481,文明13年,後土御門,将軍 足利義尚
1482,文明14年,後土御門,将軍 足利義尚
1483,文明15年,後土御門,将軍 足利義尚
1484,文明16年,後土御門,将軍 足利義尚
1485,文明17年,後土御門,将軍 足利義尚
1486,文明18年,後土御門,将軍 足利義尚
1487,長享1年,後土御門,将軍 足利義尚
1488,長享2年,後土御門,将軍 足利義尚
1489,延徳1年,後土御門,将軍 足利義尚
1490,延徳2年,後土御門,将軍 足利義稙
1491,延徳3年,後土御門,将軍 足利義稙
1492,明応1年,後土御門,将軍 足利義稙
1493,明応2年,後土御門,将軍 足利義稙
1494,明応3年,後土御門,将軍 足利義澄
1495,明応4年,後土御門,将軍 足利義澄
1496,明応5年,後土御門,将軍 足利義澄
1497,明応6年,後土御門,将軍 足利義澄
1498,明応7年,後土御門,将軍 足利義澄
1499,明応8年,後土御門,将軍 足利義澄
1500,明応9年,後柏原,将軍 足利義澄
1501,文亀1年,後柏原,将軍 足利義澄
1502,文亀2年,後柏原,将軍 足利義澄
1503,文亀3年,後柏原,将軍 足利義澄
1504,永正1年,後柏原,将軍 足利義澄
1505,永正2年,後柏原,将軍 足利義澄
1506,永正3年,後柏原,将軍 足利義澄
1507,永正4年,後柏原,将軍 足利義澄
1508,永正5年,後柏原,将軍 足利義稙
1509,永正6年,後柏原,将軍 足利義稙
1510,永正7年,後柏原,将軍 足利義稙
1511,永正8年,後柏原,将軍 足利義稙
1512,永正9年,後柏原,将軍 足利義稙
1513,永正10年,後柏原,将軍 足利義稙
1514,永正11年,後柏原,将軍 足利義稙
1515,永正12年,後柏原,将軍 足利義稙
1516,永正13年,後柏原,将軍 足利義稙
1517,永正14年,後柏原,将軍 足利義稙
1518,永正15年,後柏原,将軍 足利義稙
1519,永正16年,後柏原,将軍 足利義稙
1520,永正17年,後柏原,将軍 足利義稙
1521,大永1年,後柏原,将軍 足利義晴
1522,大永2年,後柏原,将軍 足利義晴
1523,大永3年,後柏原,将軍 足利義晴
1524,大永4年,後柏原,将軍 足利義晴
1525,大永5年,後柏原,将軍 足利義晴
1526,大永6年,後奈良,将軍 足利義晴
1527,大永7年,後奈良,将軍 足利義晴
1528,享禄1年,後奈良,将軍 足利義晴
1529,享禄2年,後奈良,将軍 足利義晴
1530,享禄3年,後奈良,将軍 足利義晴
1531,享禄4年,後奈良,将軍 足利義晴
1532,天文1年,後奈良,将軍 足利義晴
1533,天文2年,後奈良,将軍 足利義晴
1534,天文3年,後奈良,将軍 足利義晴
1535,天文4年,後奈良,将軍 足利義晴
1536,天文5年,後奈良,将軍 足利義晴
1537,天文6年,後奈良,将軍 足利義晴
1538,天文7年,後奈良,将軍 足利義晴
1539,天文8年,後奈良,将軍 足利義晴
1540,天文9年,後奈良,将軍 足利義晴
1541,天文10年,後奈良,将軍 足利義晴
1542,天文11年,後奈良,将軍 足利義晴
1543,天文12年,後奈良,将軍 足利義晴
1544,天文13年,後奈良,将軍 足利義晴
1545,天文14年,後奈良,将軍 足利義晴
1546,天文15年,後奈良,将軍 足利義輝
1547,天文16年,後奈良,将軍 足利義輝
1548,天文17年,後奈良,将軍 足利義輝
1549,天文18年,後奈良,将軍 足利義輝
1550,天文19年,後奈良,将軍 足利義輝
1551,天文20年,後奈良,将軍 足利義輝
1552,天文21年,後奈良,将軍 足利義輝
1553,天文22年,後奈良,将軍 足利義輝
1554,天文23年,後奈良,将軍 足利義輝
1555,弘治1年,後奈良,将軍 足利義輝
1556,弘治2年,後奈良,将軍 足利義輝
1557,弘治3年,正親町,将軍 足利義輝
1558,永禄1年,正親町,将軍 足利義輝
1559,永禄2年,正親町,将軍 足利義輝
1560,永禄3年,正親町,将軍 足利義輝
1561,永禄4年,正親町,将軍 足利義輝
1562,永禄5年,正親町,将軍 足利義輝
1563,永禄6年,正親町,将軍 足利義輝
1564,永禄7年,正親町,将軍 足利義輝
1565,永禄8年,正親町,将軍 足利義輝
1566,永禄9年,正親町,
1567,永禄10年,正親町,
1568,永禄11年,正親町,将軍 足利義昭
1569,永禄12年,正親町,将軍 足利義昭
1570,元亀1年,正親町,将軍 足利義昭
1571,元亀2年,正親町,将軍 足利義昭
1572,元亀3年,正親町,将軍 足利義昭
1573,天正1年,正親町,織田信長
1574,天正2年,正親町,織田信長
1575,天正3年,正親町,織田信長
1576,天正4年,正親町,織田信長
1577,天正5年,正親町,織田信長
1578,天正6年,正親町,織田信長
1579,天正7年,正親町,織田信長
1580,天正8年,正親町,織田信長
1581,天正9年,正親町,織田信長
1582,天正10年,正親町,豊臣秀吉
1583,天正11年,正親町,豊臣秀吉
1584,天正12年,正親町,豊臣秀吉
1585,天正13年,正親町,豊臣秀吉
1586,天正14年,後陽成,豊臣秀吉
1587,天正15年,後陽成,豊臣秀吉
1588,天正16年,後陽成,豊臣秀吉
1589,天正17年,後陽成,豊臣秀吉
1590,天正18年,後陽成,豊臣秀吉
1591,天正19年,後陽成,豊臣秀吉
1592,文禄1年,後陽成,豊臣秀吉
1593,文禄2年,後陽成,豊臣秀吉
1594,文禄3年,後陽成,豊臣秀吉
1595,文禄4年,後陽成,豊臣秀吉
1596,慶長1年,後陽成,豊臣秀吉
1597,慶長2年,後陽成,豊臣秀吉
1598,慶長3年,後陽成,豊臣秀吉
1599,慶長4年,後陽成,
1600,慶長5年,後陽成,
1601,慶長6年,後陽成,
1602,慶長7年,後陽成,
1603,慶長8年,後陽成,将軍 徳川家康
1604,慶長9年,後陽成,将軍 徳川家康
1605,慶長10年,後陽成,将軍 徳川秀忠
1606,慶長11年,後陽成,将軍 徳川秀忠
1607,慶長12年,後陽成,将軍 徳川秀忠
1608,慶長13年,後陽成,将軍 徳川秀忠
1609,慶長14年,後陽成,将軍 徳川秀忠
1610,慶長15年,後陽成,将軍 徳川秀忠
1611,慶長16年,後水尾,将軍 徳川秀忠
1612,慶長17年,後水尾,将軍 徳川秀忠
1613,慶長18年,後水尾,将軍 徳川秀忠
1614,慶長19年,後水尾,将軍 徳川秀忠
1615,元和1年,後水尾,将軍 徳川秀忠
1616,元和2年,後水尾,将軍 徳川秀忠
1617,元和3年,後水尾,将軍 徳川秀忠
1618,元和4年,後水尾,将軍 徳川秀忠
1619,元和5年,後水尾,将軍 徳川秀忠
1620,元和6年,後水尾,将軍 徳川秀忠
1621,元和7年,後水尾,将軍 徳川秀忠
1622,元和8年,後水尾,将軍 徳川秀忠
1623,元和9年,後水尾,将軍 徳川家光
1624,寛永1年,後水尾,将軍 徳川家光
1625,寛永2年,後水尾,将軍 徳川家光
1626,寛永3年,後水尾,将軍 徳川家光
1627,寛永4年,後水尾,将軍 徳川家光
1628,寛永5年,後水尾,将軍 徳川家光
1629,寛永6年,明正,将軍 徳川家光
1630,寛永7年,明正,将軍 徳川家光
1631,寛永8年,明正,将軍 徳川家光
1632,寛永9年,明正,将軍 徳川家光
1633,寛永10年,明正,将軍 徳川家光
1634,寛永11年,明正,将軍 徳川家光
1635,寛永12年,明正,将軍 徳川家光
1636,寛永13年,明正,将軍 徳川家光
1637,寛永14年,明正,将軍 徳川家光
1638,寛永15年,明正,将軍 徳川家光
1639,寛永16年,明正,将軍 徳川家光
1640,寛永17年,明正,将軍 徳川家光
1641,寛永18年,明正,将軍 徳川家光
1642,寛永19年,明正,将軍 徳川家光
1643,寛永20年,後光明,将軍 徳川家光
1644,正保1年,後光明,将軍 徳川家光
1645,正保2年,後光明,将軍 徳川家光
1646,正保3年,後光明,将軍 徳川家光
1647,正保4年,後光明,将軍 徳川家光
1648,慶安1年,後光明,将軍 徳川家光
1649,慶安2年,後光明,将軍 徳川家光
1650,慶安3年,後光明,将軍 徳川家光
1651,慶安4年,後光明,将軍 徳川家綱
1652,承応1年,後光明,将軍 徳川家綱
1653,承応2年,後光明,将軍 徳川家綱
1654,承応3年,後西,将軍 徳川家綱
1655,明暦1年,後西,将軍 徳川家綱
1656,明暦2年,後西,将軍 徳川家綱
1657,明暦3年,後西,将軍 徳川家綱
1658,万治1年,後西,将軍 徳川家綱
1659,万治2年,後西,将軍 徳川家綱
1660,万治3年,後西,将軍 徳川家綱
1661,寛文1年,後西,将軍 徳川家綱
1662,寛文2年,後西,将軍 徳川家綱
1663,寛文3年,霊元,将軍 徳川家綱
1664,寛文4年,霊元,将軍 徳川家綱
1665,寛文5年,霊元,将軍 徳川家綱
1666,寛文6年,霊元,将軍 徳川家綱
1667,寛文7年,霊元,将軍 徳川家綱
1668,寛文8年,霊元,将軍 徳川家綱
1669,寛文9年,霊元,将軍 徳川家綱
1670,寛文10年,霊元,将軍 徳川家綱
1671,寛文11年,霊元,将軍 徳川家綱
1672,寛文12年,霊元,将軍 徳川家綱
1673,延宝1年,霊元,将軍 徳川家綱
1674,延宝2年,霊元,将軍 徳川家綱
1675,延宝3年,霊元,将軍 徳川家綱
1676,延宝4年,霊元,将軍 徳川家綱
1677,延宝5年,霊元,将軍 徳川家綱
1678,延宝6年,霊元,将軍 徳川家綱
1679,延宝7年,霊元,将軍 徳川家綱
1680,延宝8年,霊元,将軍 徳川綱吉
1681,天和1年,霊元,将軍 徳川綱吉
1682,天和2年,霊元,将軍 徳川綱吉
1683,天和3年,霊元,将軍 徳川綱吉
1684,貞享1年,霊元,将軍 徳川綱吉
1685,貞享2年,霊元,将軍 徳川綱吉
1686,貞享3年,霊元,将軍 徳川綱吉
1687,貞享4年,東山,将軍 徳川綱吉
1688,元禄1年,東山,将軍 徳川綱吉
1689,元禄2年,東山,将軍 徳川綱吉
1690,元禄3年,東山,将軍 徳川綱吉
1691,元禄4年,東山,将軍 徳川綱吉
1692,元禄5年,東山,将軍 徳川綱吉
1693,元禄6年,東山,将軍 徳川綱吉
1694,元禄7年,東山,将軍 徳川綱吉
1695,元禄8年,東山,将軍 徳川綱吉
1696,元禄9年,東山,将軍 徳川綱吉
1697,元禄10年,東山,将軍 徳川綱吉
1698,元禄11年,東山,将軍 徳川綱吉
1699,元禄12年,東山,将軍 徳川綱吉
1700,元禄13年,東山,将軍 徳川綱吉
1701,元禄14年,東山,将軍 徳川綱吉
1702,元禄15年,東山,将軍 徳川綱吉
1703,元禄16年,東山,将軍 徳川綱吉
1704,宝永1年,東山,将軍 徳川綱吉
1705,宝永2年,東山,将軍 徳川綱吉
1706,宝永3年,東山,将軍 徳川綱吉
1707,宝永4年,東山,将軍 徳川綱吉
1708,宝永5年,東山,将軍 徳川綱吉
1709,宝永6年,中御門,将軍 徳川家宣
1710,宝永7年,中御門,将軍 徳川家宣
1711,正徳1年,中御門,将軍 徳川家宣
1712,正徳2年,中御門,将軍 徳川家宣
1713,正徳3年,中御門,将軍 徳川家継
1714,正徳4年,中御門,将軍 徳川家継
1715,正徳5年,中御門,将軍 徳川家継
1716,享保1年,中御門,将軍 徳川吉宗
1717,享保2年,中御門,将軍 徳川吉宗
1718,享保3年,中御門,将軍 徳川吉宗
1719,享保4年,中御門,将軍 徳川吉宗
1720,享保5年,中御門,将軍 徳川吉宗
1721,享保6年,中御門,将軍 徳川吉宗
1722,享保7年,中御門,将軍 徳川吉宗
1723,享保8年,中御門,将軍 徳川吉宗
1724,享保9年,中御門,将軍 徳川吉宗
1725,享保10年,中御門,将軍 徳川吉宗
1726,享保11年,中御門,将軍 徳川吉宗
1727,享保12年,中御門,将軍 徳川吉宗
1728,享保13年,中御門,将軍 徳川吉宗
1729,享保14年,中御門,将軍 徳川吉宗
1730,享保15年,中御門,将軍 徳川吉宗
1731,享保16年,中御門,将軍 徳川吉宗
1732,享保17年,中御門,将軍 徳川吉宗
1733,享保18年,中御門,将軍 徳川吉宗
1734,享保19年,中御門,将軍 徳川吉宗
1735,享保20年,桜町,将軍 徳川吉宗
1736,元文1年,桜町,将軍 徳川吉宗
1737,元文2年,桜町,将軍 徳川吉宗
1738,元文3年,桜町,将軍 徳川吉宗
1739,元文4年,桜町,将軍 徳川吉宗
1740,元文5年,桜町,将軍 徳川吉宗
1741,寛保1年,桜町,将軍 徳川吉宗
1742,寛保2年,桜町,将軍 徳川吉宗
1743,寛保3年,桜町,将軍 徳川吉宗
1744,延享1年,桜町,将軍 徳川吉宗
1745,延享2年,桜町,将軍 徳川家重
1746,延享3年,桜町,将軍 徳川家重
1747,延享4年,桃園,将軍 徳川家重
1748,寛延1年,桃園,将軍 徳川家重
1749,寛延2年,桃園,将軍 徳川家重
1750,寛延3年,桃園,将軍 徳川家重
1751,宝暦1年,桃園,将軍 徳川家重
1752,宝暦2年,桃園,将軍 徳川家重
1753,宝暦3年,桃園,将軍 徳川家重
1754,宝暦4年,桃園,将軍 徳川家重
1755,宝暦5年,桃園,将軍 徳川家重
1756,宝暦6年,桃園,将軍 徳川家重
1757,宝暦7年,桃園,将軍 徳川家重
1758,宝暦8年,桃園,将軍 徳川家重
1759,宝暦9年,桃園,将軍 徳川家重
1760,宝暦10年,桃園,将軍 徳川家治
1761,宝暦11年,桃園,将軍 徳川家治
1762,宝暦12年,後桜町,将軍 徳川家治
1763,宝暦13年,後桜町,将軍 徳川家治
1764,明和1年,後桜町,将軍 徳川家治
1765,明和2年,後桜町,将軍 徳川家治
1766,明和3年,後桜町,将軍 徳川家治
1767,明和4年,後桜町,将軍 徳川家治
1768,明和5年,後桜町,将軍 徳川家治
1769,明和6年,後桜町,将軍 徳川家治
1770,明和7年,後桜町,将軍 徳川家治
1771,明和8年,後桃園,将軍 徳川家治
1772,安永1年,後桃園,将軍 徳川家治
1773,安永2年,後桃園,将軍 徳川家治
1774,安永3年,後桃園,将軍 徳川家治
1775,安永4年,後桃園,将軍 徳川家治
1776,安永5年,後桃園,将軍 徳川家治
1777,安永6年,後桃園,将軍 徳川家治
1778,安永7年,後桃園,将軍 徳川家治
1779,安永8年,光格,将軍 徳川家治
1780,安永9年,光格,将軍 徳川家治
1781,天明1年,光格,将軍 徳川家治
1782,天明2年,光格,将軍 徳川家治
1783,天明3年,光格,将軍 徳川家治
1784,天明4年,光格,将軍 徳川家治
1785,天明5年,光格,将軍 徳川家治
1786,天明6年,光格,将軍 徳川家治
1787,天明7年,光格,将軍 徳川家斉
1788,天明8年,光格,将軍 徳川家斉
1789,寛政1年,光格,将軍 徳川家斉
1790,寛政2年,光格,将軍 徳川家斉
1791,寛政3年,光格,将軍 徳川家斉
1792,寛政4年,光格,将軍 徳川家斉
1793,寛政5年,光格,将軍 徳川家斉
1794,寛政6年,光格,将軍 徳川家斉
1795,寛政7年,光格,将軍 徳川家斉
1796,寛政8年,光格,将軍 徳川家斉
1797,寛政9年,光格,将軍 徳川家斉
1798,寛政10年,光格,将軍 徳川家斉
1799,寛政11年,光格,将軍 徳川家斉
1800,寛政12年,光格,将軍 徳川家斉
1801,享和1年,光格,将軍 徳川家斉
1802,享和2年,光格,将軍 徳川家斉
1803,享和3年,光格,将軍 徳川家斉
1804,文化1年,光格,将軍 徳川家斉
1805,文化2年,光格,将軍 徳川家斉
1806,文化3年,光格,将軍 徳川家斉
1807,文化4年,光格,将軍 徳川家斉
1808,文化5年,光格,将軍 徳川家斉
1809,文化6年,光格,将軍 徳川家斉
1810,文化7年,光格,将軍 徳川家斉
1811,文化8年,光格,将軍 徳川家斉
1812,文化9年,光格,将軍 徳川家斉
1813,文化10年,光格,将軍 徳川家斉
1814,文化11年,光格,将軍 徳川家斉
1815,文化12年,光格,将軍 徳川家斉
1816,文化13年,光格,将軍 徳川家斉
1817,文化14年,仁孝,将軍 徳川家斉
1818,文政1年,仁孝,将軍 徳川家斉
1819,文政2年,仁孝,将軍 徳川家斉
1820,文政3年,仁孝,将軍 徳川家斉
1821,文政4年,仁孝,将軍 徳川家斉
1822,文政5年,仁孝,将軍 徳川家斉
1823,文政6年,仁孝,将軍 徳川家斉
1824,文政7年,仁孝,将軍 徳川家斉
1825,文政8年,仁孝,将軍 徳川家斉
1826,文政9年,仁孝,将軍 徳川家斉
1827,文政10年,仁孝,将軍 徳川家斉
1828,文政11年,仁孝,将軍 徳川家斉
1829,文政12年,仁孝,将軍 徳川家斉
1830,天保1年,仁孝,将軍 徳川家斉
1831,天保2年,仁孝,将軍 徳川家斉
1832,天保3年,仁孝,将軍 徳川家斉
1833,天保4年,仁孝,将軍 徳川家斉
1834,天保5年,仁孝,将軍 徳川家斉
1835,天保6年,仁孝,将軍 徳川家斉
1836,天保7年,仁孝,将軍 徳川家斉
1837,天保8年,仁孝,将軍 徳川家慶
1838,天保9年,仁孝,将軍 徳川家慶
1839,天保10年,仁孝,将軍 徳川家慶
1840,天保11年,仁孝,将軍 徳川家慶
1841,天保12年,仁孝,将軍 徳川家慶
1842,天保13年,仁孝,将軍 徳川家慶
1843,天保14年,仁孝,将軍 徳川家慶
1844,弘化1年,仁孝,将軍 徳川家慶
1845,弘化2年,仁孝,将軍 徳川家慶
1846,弘化3年,孝明,将軍 徳川家慶
1847,弘化4年,孝明,将軍 徳川家慶
1848,嘉永1年,孝明,将軍 徳川家慶
1849,嘉永2年,孝明,将軍 徳川家慶
1850,嘉永3年,孝明,将軍 徳川家慶
1851,嘉永4年,孝明,将軍 徳川家慶
1852,嘉永5年,孝明,将軍 徳川家慶
1853,嘉永6年,孝明,将軍 徳川家定
1854,安政1年,孝明,将軍 徳川家定
1855,安政2年,孝明,将軍 徳川家定
1856,安政3年,孝明,将軍 徳川家定
1857,安政4年,孝明,将軍 徳川家定
1858,安政5年,孝明,将軍 徳川家茂
1859,安政6年,孝明,将軍 徳川家茂
1860,万延1年,孝明,将軍 徳川家茂
1861,文久1年,孝明,将軍 徳川家茂
1862,文久2年,孝明,将軍 徳川家茂
1863,文久3年,孝明,将軍 徳川家茂
1864,元治1年,孝明,将軍 徳川家茂
1865,慶応1年,孝明,将軍 徳川家茂
1866,慶応2年,孝明,将軍 徳川慶喜
1867,慶応3年,明治天皇,将軍 徳川慶喜
1868,慶応4年/明治元年,明治天皇,
1869,明治2年,明治天皇,
1870,明治3年,明治天皇,
1871,明治4年,明治天皇,
1872,明治5年,明治天皇,
1873,明治6年,明治天皇,
1874,明治7年,明治天皇,
1875,明治8年,明治天皇,
1876,明治9年,明治天皇,
1877,明治10年,明治天皇,
1878,明治11年,明治天皇,
1879,明治12年,明治天皇,
1880,明治13年,明治天皇,
1881,明治14年,明治天皇,
1882,明治15年,明治天皇,
1883,明治16年,明治天皇,
1884,明治17年,明治天皇,
1885,明治18年,明治天皇,内閣総理大臣 伊藤博文
1886,明治19年,明治天皇,内閣総理大臣 伊藤博文
1887,明治20年,明治天皇,内閣総理大臣 伊藤博文
1888,明治21年,明治天皇,内閣総理大臣 伊藤博文→黒田清隆
1889,明治22年,明治天皇,内閣総理大臣 黒田清隆→山県有朋
1890,明治23年,明治天皇,内閣総理大臣 山県有朋
1891,明治24年,明治天皇,内閣総理大臣 山県有朋→松方正義
1892,明治25年,明治天皇,内閣総理大臣 松方正義→伊藤博文
1893,明治26年,明治天皇,内閣総理大臣 伊藤博文
1894,明治27年,明治天皇,内閣総理大臣 伊藤博文
1895,明治28年,明治天皇,内閣総理大臣 伊藤博文
1896,明治29年,明治天皇,内閣総理大臣 伊藤博文→松方正義
1897,明治30年,明治天皇,内閣総理大臣 松方正義
1898,明治31年,明治天皇,内閣総理大臣 松方正義→伊藤博文→大隈重信→山県有朋
1899,明治32年,明治天皇,内閣総理大臣 山県有朋
1900,明治33年,明治天皇,内閣総理大臣 山県有朋→伊藤博文
1901,明治34年,明治天皇,内閣総理大臣 伊藤博文→桂太郎
1902,明治35年,明治天皇,内閣総理大臣 桂太郎
1903,明治36年,明治天皇,内閣総理大臣 桂太郎
1904,明治37年,明治天皇,内閣総理大臣 桂太郎
1905,明治38年,明治天皇,内閣総理大臣 桂太郎
1906,明治39年,明治天皇,内閣総理大臣 桂太郎→西園寺公望
1907,明治40年,明治天皇,内閣総理大臣 西園寺公望
1908,明治41年,明治天皇,内閣総理大臣 西園寺公望→桂太郎
1909,明治42年,明治天皇,内閣総理大臣 桂太郎
1910,明治43年,明治天皇,内閣総理大臣 桂太郎
1911,明治44年,明治天皇,内閣総理大臣 桂太郎→西園寺公望
1912,明治45年/大正元年,明治天皇→大正天皇,内閣総理大臣 西園寺公望→桂太郎
1913,大正2年,大正天皇,内閣総理大臣 桂太郎→山本権兵衛
1914,大正3年,大正天皇,内閣総理大臣 山本権兵衛→大隈重信
1915,大正4年,大正天皇,内閣総理大臣 大隈重信
1916,大正5年,大正天皇,内閣総理大臣 大隈重信→寺内正毅
1917,大正6年,大正天皇,内閣総理大臣 寺内正毅
1918,大正7年,大正天皇,内閣総理大臣 寺内正毅→原敬
1919,大正8年,大正天皇,内閣総理大臣 原敬
1920,大正9年,大正天皇,内閣総理大臣 原敬
1921,大正10年,大正天皇,内閣総理大臣 原敬→高橋是清
1922,大正11年,大正天皇,内閣総理大臣 高橋是清→加藤友三郎
1923,大正12年,大正天皇,内閣総理大臣 加藤友三郎→山本権兵衛
1924,大正13年,大正天皇,内閣総理大臣 山本権兵衛→清浦奎吾→加藤高明
1925,大正14年,大正天皇,内閣総理大臣 加藤高明
1926,大正15年/昭和元年,大正天皇→昭和天皇,内閣総理大臣 加藤高明→若槻礼次郎
1927,昭和2年,昭和天皇,内閣総理大臣 若槻礼次郎→田中義一
1928,昭和3年,昭和天皇,内閣総理大臣 田中義一
1929,昭和4年,昭和天皇,内閣総理大臣 田中義一→浜口雄幸
1930,昭和5年,昭和天皇,内閣総理大臣 浜口雄幸
1931,昭和6年,昭和天皇,内閣総理大臣 浜口雄幸→若槻礼次郎→犬養毅
1932,昭和7年,昭和天皇,内閣総理大臣 犬養毅→斎藤実
1933,昭和8年,昭和天皇,内閣総理大臣 斎藤実
1934,昭和9年,昭和天皇,内閣総理大臣 斎藤実→岡田啓介
1935,昭和10年,昭和天皇,内閣総理大臣 岡田啓介
1936,昭和11年,昭和天皇,内閣総理大臣 岡田啓介→広田弘毅
1937,昭和12年,昭和天皇,内閣総理大臣 広田弘毅→林銑十郎→近衛文麿
1938,昭和13年,昭和天皇,内閣総理大臣 近衛文麿
1939,昭和14年,昭和天皇,内閣総理大臣 近衛文麿→平沼騏一郎→阿部信行
1940,昭和15年,昭和天皇,内閣総理大臣 阿部信行→米内光政→近衛文麿
1941,昭和16年,昭和天皇,内閣総理大臣 近衛文麿→東条英機
1942,昭和17年,昭和天皇,内閣総理大臣 東条英機
1943,昭和18年,昭和天皇,内閣総理大臣 東条英機
1944,昭和19年,昭和天皇,内閣総理大臣 東条英機→小磯国昭
1945,昭和20年,昭和天皇,内閣総理大臣 小磯国昭→鈴木貫太郎→東久邇宮稔彦→幣原喜重郎
1946,昭和21年,昭和天皇,内閣総理大臣 幣原喜重郎→吉田茂
1947,昭和22年,昭和天皇,内閣総理大臣 吉田茂→片山哲
1948,昭和23年,昭和天皇,内閣総理大臣 片山哲→芦田均→吉田茂
1949,昭和24年,昭和天皇,内閣総理大臣 吉田茂
1950,昭和25年,昭和天皇,内閣総理大臣 吉田茂
1951,昭和26年,昭和天皇,内閣総理大臣 吉田茂
1952,昭和27年,昭和天皇,内閣総理大臣 吉田茂
1953,昭和28年,昭和天皇,内閣総理大臣 吉田茂
1954,昭和29年,昭和天皇,内閣総理大臣 吉田茂→鳩山一郎
1955,昭和30年,昭和天皇,内閣総理大臣 鳩山一郎
1956,昭和31年,昭和天皇,内閣総理大臣 鳩山一郎→石橋湛山
1957,昭和32年,昭和天皇,内閣総理大臣 石橋湛山→岸信介
1958,昭和33年,昭和天皇,内閣総理大臣 岸信介
1959,昭和34年,昭和天皇,内閣総理大臣 岸信介
1960,昭和35年,昭和天皇,内閣総理大臣 岸信介→池田勇人
1961,昭和36年,昭和天皇,内閣総理大臣 池田勇人
1962,昭和37年,昭和天皇,内閣総理大臣 池田勇人
1963,昭和38年,昭和天皇,内閣総理大臣 池田勇人
1964,昭和39年,昭和天皇,内閣総理大臣 池田勇人→佐藤栄作
1965,昭和40年,昭和天皇,内閣総理大臣 佐藤栄作
1966,昭和41年,昭和天皇,内閣総理大臣 佐藤栄作
1967,昭和42年,昭和天皇,内閣総理大臣 佐藤栄作
1968,昭和43年,昭和天皇,内閣総理大臣 佐藤栄作
1969,昭和44年,昭和天皇,内閣総理大臣 佐藤栄作
1970,昭和45年,昭和天皇,内閣総理大臣 佐藤栄作
1971,昭和46年,昭和天皇,内閣総理大臣 佐藤栄作
1972,昭和47年,昭和天皇,内閣総理大臣 佐藤栄作→田中角栄
1973,昭和48年,昭和天皇,内閣総理大臣 田中角栄
1974,昭和49年,昭和天皇,内閣総理大臣 田中角栄→三木武夫
1975,昭和50年,昭和天皇,内閣総理大臣 三木武夫
1976,昭和51年,昭和天皇,内閣総理大臣 三木武夫→福田赳夫
1977,昭和52年,昭和天皇,内閣総理大臣 福田赳夫
1978,昭和53年,昭和天皇,内閣総理大臣 福田赳夫→大平正芳
1979,昭和54年,昭和天皇,内閣総理大臣 大平正芳
1980,昭和55年,昭和天皇,内閣総理大臣 大平正芳→鈴木善幸
1981,昭和56年,昭和天皇,内閣総理大臣 鈴木善幸
1982,昭和57年,昭和天皇,内閣総理大臣 鈴木善幸→中曽根康弘
1983,昭和58年,昭和天皇,内閣総理大臣 中曽根康弘
1984,昭和59年,昭和天皇,内閣総理大臣 中曽根康弘
1985,昭和60年,昭和天皇,内閣総理大臣 中曽根康弘
1986,昭和61年,昭和天皇,内閣総理大臣 中曽根康弘
1987,昭和62年,昭和天皇,内閣総理大臣 中曽根康弘→竹下登
1988,昭和63年,昭和天皇,内閣総理大臣 竹下登
1989,昭和64年/平成元年,昭和天皇→明仁,内閣総理大臣 竹下登→宇野宗佑→海部俊樹
1990,平成2年,明仁,内閣総理大臣 海部俊樹
1991,平成3年,明仁,内閣総理大臣 海部俊樹→宮沢喜一
1992,平成4年,明仁,内閣総理大臣 宮沢喜一
1993,平成5年,明仁,内閣総理大臣 宮沢喜一→細川護熙
1994,平成6年,明仁,内閣総理大臣 細川護熙→羽田孜→村山富市
1995,平成7年,明仁,内閣総理大臣 村山富市
1996,平成8年,明仁,内閣総理大臣 村山富市→橋本龍太郎
1997,平成9年,明仁,内閣総理大臣 橋本龍太郎
1998,平成10年,明仁,内閣総理大臣 橋本龍太郎→小渕恵三
1999,平成11年,明仁,内閣総理大臣 小渕恵三
2000,平成12年,明仁,内閣総理大臣 小渕恵三→森喜朗
2001,平成13年,明仁,内閣総理大臣 森喜朗→小泉純一郎
2002,平成14年,明仁,内閣総理大臣 小泉純一郎
2003,平成15年,明仁,内閣総理大臣 小泉純一郎
2004,平成16年,明仁,内閣総理大臣 小泉純一郎
2005,平成17年,明仁,内閣総理大臣 小泉純一郎
2006,平成18年,明仁,内閣総理大臣 小泉純一郎→安倍晋三
2007,平成19年,明仁,内閣総理大臣 安倍晋三→福田康夫
2008,平成20年,明仁,内閣総理大臣 福田康夫→麻生太郎
2009,平成21年,明仁,内閣総理大臣 麻生太郎→鳩山由紀夫
2010,平成22年,明仁,内閣総理大臣 鳩山由紀夫→菅直人
2011,平成23年,明仁,内閣総理大臣 菅直人→野田佳彦
2012,平成24年,明仁,内閣総理大臣 野田佳彦→安倍晋三
2013,平成25年,明仁,内閣総理大臣 安倍晋三
2014,平成26年,明仁,内閣総理大臣 安倍晋三
2015,平成27年,明仁,内閣総理大臣 安倍晋三
2016,平成28年,明仁,内閣総理大臣 安倍晋三
2017,平成29年,明仁,内閣総理大臣 安倍晋三
2018,平成30年,明仁,内閣総理大臣 安倍晋三
2019,平成31年/令和元年,明仁→徳仁,内閣総理大臣 安倍晋三
2020,令和2年,徳仁,内閣総理大臣 安倍晋三→菅義偉
2021,令和3年,徳仁,内閣総理大臣 菅義偉→岸田文雄
2022,令和4年,徳仁,内閣総理大臣 岸田文雄
2023,令和5年,徳仁,内閣総理大臣 岸田文雄
2024,令和6年,徳仁,内閣総理大臣 岸田文雄→石破茂
2025,令和7年,徳仁,内閣総理大臣 石破茂→高市早苗
2026,令和8年,徳仁,内閣総理大臣 高市早苗
